1092391,definición muckraking
1089645,brownsburg en zip
1047917,coste del hawkeye
1005131,Define rubus
1005798,Define rarefy
999552,Definir;percolar
998675,¿Dónde está Lewisburg?
101451,coste para binghamton suny
1090596,smirk significado
1033580,¿Quién es Hezekiah Walker?
93823,Definición co-curricular vs. extracurricular
533105,Significado upstart
1038849,¿Quién es supergirl?
1064961,Definición de collages
862345,¿Qué es wdm?
1050007,Que cantaba Louie Louie Louie Louie
1090270,Definición botulínica
602652,qué condado es attleboro ma
1040064,¿Qué es la elevación de Warrensburg?
1080968,Número de soporte xfinity
606117,qué condado es Frankfort Kentucky en
863817,¿Qué es xanthan?
131597,Definición del coma
555558,qué son bifidobacterium
647503,¿Qué significa sbp?
453175,metrópolis definen
1091973,Radiología benson
453270,mia nrt distance
991383,"¿Dónde está Ravenscroft, Cheshire Inglaterra?"
334916,¿Qué edad tiene eminem?
636853,¿Qué significa el enclave?
490903,ryan gosling cómo de alto
1102240,definición de salvador
194870,Ghost significa urbano
724680,¿Qué es blockchain simple?
123529,Define el lupus
749752,¿Qué es Gabba?
461281,nombre lennart
989296,¿Quién es sakura haruno?
1100167,guayana venezuela
396391,insight cuba
637459,¿Qué significa fdg?
1099880,historia de nike huarache
1088915,función vlookup significado
1043413,# Que hizo famoso a Rihanna #
1010057,¿Qué años ganaron los sonics?
1000472,¿Dónde golpeó el tsunami?
753168,¿Qué es gwa?
1057631,¿Qué es cplm?
460403,Definición multilateral de compensación
203274,hillsborough presidente de la universidad comunitaria
477648,Población de Glendale az
729173,¿Qué es el cavernoma cerebral?
425072,sweden switzerland
1099816,Definición homóloga
405238,es Callahan un nombre irlandés
994449,¿Cuál liberación de la hormona es finalmente afectada por la hormona liberadora de corticotropina (crh)?
141472,Definición de derriere
1045826,¿Qué es ssc je?
1091163,Definir raqueta
461491,nombre significa paige
982481,¿Dónde está Fairview?
1101723,Definición que restringe
635058,¿Qué significa contralateral?
1085279,¿Qué condado es Stacy Minnesota?
1060623,"¿Qué significa ""baby boomers""?"
1091473,población de hillcrest co
277556,¿Cuántas calorías en mahi mahi
187818,Definición de flash
117977,Define artrogriposis
1086309,¿Qué clase de coche es el mclaren
1086120,¿Qué causa la elevación leve de bnp
1099495,¿Cómo pintaban Van Gogh?
670829,¿En qué industria está Hershey?
704398,¿Qué es un tsp?
122440,Definir humidificadores
129565,Define: homólogo
1087186,Camille gramer altura y peso
1024591,Definición declarada
612670,¿Qué condado es Sheridan?
111377,coste universidad de pittsburgh
508316,Síntomas de ocd
1008516,¿Cuál es la temperatura en sitka?
1094693,idaho definición de firmado
558263,¿Qué son las endotoxinas?
1010700,qué hotel hizo jfk proponer a jackie
537505,visceral definido
1091811,patricia longley alaska
1074001,¿Qué es un egpu?
1047642,¿Qué es ptztv?
1085658,"¿Qué condado es blanchard, wa"
1089286,Definir bruñido
991590,¿Dónde se encuentra Ridgewood ny?
991419,¿Dónde está Redford Michigan?
181394,Definición de software erp
193581,Definición de la superficie gaussiana
724121,¿Qué es bioflavonoides?
722413,¿Qué es Barron?
195440,Definición de herejía gnosticismo
1100765,ethan nistor edad
