1085510,carewell urgent
434835,konig class battleship
780336,what is orthorexia
1089763,the miners state bank routing number
292225,how many people died in the molasses flood
126821,define scooped out
1051372,cost for child cineplex
1088475,"weather in holmes,ny"
452572,mems who is the leader
1093438,lickspittle defined
1085348,what county is polson montana in?
1088444,weather in kashan
1028752,what is watamote
477286,population of antigonish
787784,what is provocative allergy testing
448976,meaning of potsherd
20432,aqsarniit meaning
1064808,what is acantholysis
990010,where is paihia
1101090,dr azadpour phone number
1100499,foodborne trematodiases symptoms
1045135,what is the acceptance rate at wellesley
544060,weather in dresden august
992257,who authored desperation
435412,lakegirl address
978802,where is browerville mn
720013,what is arzoo
1101668,denora anodes
1090374,strategery definition
820027,what is the electron donor for lithotrophy
1090808,semispinalis function
1088958,cadi b age
1090945,ryder phone number